ProductName,ProductPrice,ProductStock,ProductWeight,ProductDescription,ProductType
NYK-K02,120000,6,0.4,Rubber dome membrane keyboard with rgb  backlit,Keyboard
Ajazz Frostblue,630000,4,0.6,Ajazz 65 % layout keyboard with mechanical switch  that features bluetooth and wired connectivity and features blue backlit,Keyboard
Akko 3084 Silent Mechanical Keyboard,1499999,3,0.7,Akko keyboard that are more silent than another mechanical keyboards. Recommended keyboard for typing.,Keyboard
"Gazzew Bobba U4	9700",9700,1000,0.01,Highligh praised tactile switches. 68g actuation force and built with high quality,Switch
